Workbook
Name test: Sheet1!$A$1:$H$672
Name test: Sheet2!$A$1:$H$650

Sheet Price List by Category
A1: SEAQUEST SEAFOOD CORPORATION
A2: Tel: 626-968-8188 Fax: 626-968-8811 www.sqseafood.com
A3: Effective Date: March 03, 2026
A5: ▶ OCTOPUS & SQUID
A6: Product Description | B6: Vietnamese | C6: Item # | D6: Unit Price | E6: Packaging | F6: Origin | G6: Method | H6: Weight (lbs) | I6: Pack | J6: Pack Type | K6: Case price
A7: BABY LOLIGO SQUID R/P (30) | B7: MUC ONG NHOI | C7: F0403 | D7: 3.25 | E7: 30 X 14 OZ | F7: CHINA | G7: WILD | H7: 26.25 | I7: VP | J7: Retail | K7: =VLOOKUP(C:C,Sheet2!B:H,7,0) -> 97.5
A8: BABY OCTOPUS DS 16/25 (24) | B8: BACH TUOC 2 DA | C8: F0296 | D8: 3.6 | E8: 12 X 2 LB | F8: VIETNAM | G8: WILD | H8: 24 | I8: VP | J8: Retail | K8: =VLOOKUP(C:C,Sheet2!B:H,7,0) -> 86.4
A9: BABY OCTOPUS DS 5/15 (24) | B9: BACH TUOC 2 DA | C9: F0295 | D9: 3.5 | E9: 12 X 2 LB | F9: VIETNAM | G9: WILD | H9: 24 | I9: VP | J9: Retail | K9: =VLOOKUP(C:C,Sheet2!B:H,7,0) -> 84
A10: BABY OCTOPUS SS 16/25 (12x2) | B10: BACH TUOC 1 DA | C10: F0291 | D10: 3.6 | E10: 12 X 2 LB | F10: VIETNAM | G10: WILD | H10: 24 | I10: VP | J10: Retail | K10: =VLOOKUP(C:C,Sheet2!B:H,7,0) -> 86.4
A11: BABY OCTOPUS SS 5/15 (12x2) | B11: BACH TUOC 1 DA | C11: F0290 | D11: 3.5 | E11: 12 X 2 LB | F11: VIETNAM | G11: WILD | H11: 24 | I11: VP | J11: Retail | K11: =VLOOKUP(C:C,Sheet2!B:H,7,0) -> 84
A12: BONO SQUID IQF (22.05) | B12: MUC ONG CALIFORNIA | C12: F0423 | D12: 3.2 | E12: 1 X 22 LB | F12: USA | G12: WILD | H12: 22 | I12: Bulk | J12: Bulk | K12: =VLOOKUP(C:C,Sheet2!B:H,7,0) -> 70.56
A13: CALAMARI SQUID RINGS (30) | B13: KHOANH MUC | C13: F0416 | D13: 3.2 | E13: 30 X 16 OZ | F13: CHINA | G13: WILD | H13: 30 | I13: VP | J13: Retail | K13: =VLOOKUP(C:C,Sheet2!B:H,7,0) -> 96
A14: CALIFORNIA SQUID W/R (36) | B14: MUC ONG NGUYEN CON | C14: F0421 | D14: 2.7 | E14: 12 X 3 LB | F14: USA | G14: WILD | H14: 36 | I14: Box | J14: Retail | K14: =VLOOKUP(C:C,Sheet2!B:H,7,0) -> 97.2
A15: CLN GIANT CUTTLEFISH 2/4 (22) | B15: MUC NANG LAM SACH | C15: F2282 | D15: 4.2 | E15: 1 X 22 LB | F15: INDIA | G15: WILD | H15: 22 | I15: Bulk | J15: Bulk | K15: =VLOOKUP(C:C,Sheet2!B:H,7,0) -> 92.4
A16: CLN GIANT CUTTLEFISH 4/6 (22) | B16: MUC NANG LAM SACH | C16: F2283 | D16: 4.2 | E16: 1 X 22 LB | F16: INDIA | G16: WILD | H16: 22 | I16: Bulk | J16: Bulk | K16: =VLOOKUP(C:C,Sheet2!B:H,7,0) -> 92.4
A17: CURLED CALAMARI CHUNK (30) | B17: MUC XOAN | C17: F0417 | D17: 2.85 | E17: 30 X 14 OZ | F17: CHINA | G17: WILD | H17: 26.25 | I17: VP | J17: Retail | K17: =VLOOKUP(C:C,Sheet2!B:H,7,0) -> 85.5
A18: LOLIGO ROLL 10/15cm (30) | B18: MUC ONG LOLIGO | C18: F0426 | D18: 8.3 | E18: 30 X 16 OZ | F18: INDONESIA | G18: WILD | H18: 30 | I18: VP | J18: Retail | K18: =VLOOKUP(C:C,Sheet2!B:H,7,0) -> 249
A19: LOLIGO ROLL 15/20cm (30) | B19: MUC ONG LOLIGO | C19: F0427 | D19: OOS | E19: 30 X 16 OZ | F19: INDONESIA | G19: WILD | H19: 30 | I19: VP | J19: Retail | K19: =VLOOKUP(C:C,Sheet2!B:H,7,0) -> #N/A
A20: LOLIGO ROLL 20/25cm (30) | B20: MUC ONG LOLIGO | C20: F0428 | D20: OOS | E20: 20 X 24 OZ | F20: INDONESIA | G20: WILD | H20: 30 | I20: VP | J20: Retail | K20: =VLOOKUP(C:C,Sheet2!B:H,7,0) -> #N/A
A21: LOLIGO SQUID T&T 3/5 (50) | B21: MUC NGUYEN CON | C21: F0410 | D21: 3.4 | E21: 20 X 2.5# | F21: CHINA | G21: WILD | H21: 50 | I21: VP | J21: Retail | K21: =VLOOKUP(C:C,Sheet2!B:H,7,0) -> 170
A22: LOLIGO SQUID TENTACLES (30) | B22: RAU MUC | C22: F0413 | D22: 3.7 | E22: 30 X 14 OZ | F22: CHINA | G22: WILD | H22: 26.25 | I22: VP | J22: Retail | K22: =VLOOKUP(C:C,Sheet2!B:H,7,0) -> 111
A23: LOLIGO SQUID TUBES 3/5 (50) | B23: THAN MUC ONG | C23: F0412 | D23: 3.7 | E23: 20 X 2.5# | F23: CHINA | G23: WILD | H23: 50 | I23: Box | J23: Retail | K23: =VLOOKUP(C:C,Sheet2!B:H,7,0) -> 185
A24: LOLIGO TENTACLES 10/20g (30) | B24: RAU MUC | C24: F0414 | D24: OOS | E24: 30 X 14 OZ | F24: INDONESIA | G24: WILD | H24: 26.25 | I24: VP | J24: Retail | K24: =VLOOKUP(C:C,Sheet2!B:H,7,0) -> 114
A25: LOLIGO TENTACLES 20/30g (30) | B25: RAU MUC | C25: F0415 | D25: 3.8 | E25: 30 X 14 OZ | F25: INDONESIA | G25: WILD | I25: VP | J25: Retail | K25: =VLOOKUP(C:C,Sheet2!B:H,7,0) -> 114
A26: LOLIGO TENTACLES 20/30g (30) | B26: RAU MUC | C26: F04141 | D26: OOS | E26: 30 X 14 OZ | F26: INDONESIA | G26: WILD | I26: VP | J26: Retail | K26: =VLOOKUP(C:C,Sheet2!B:H,7,0) -> #N/A
A27: LOLIGO TENTACLES 40/60g (30) | B27: RAU MUC | C27: F04143 | D27: 3.8 | E27: 30 X 14 OZ | F27: VIETNAM | G27: WILD | H27: 26.25 | I27: VP | J27: Retail | K27: =VLOOKUP(C:C,Sheet2!B:H,7,0) -> #N/A
A28: LOLIGO TENTACLES 60/80g (30) | B28: RAU MUC | C28: F04144 | D28: 3.8 | E28: 30 X 14 OZ | F28: VIETNAM | G28: WILD | H28: 26.25 | I28: VP | J28: Retail | K28: =VLOOKUP(C:C,Sheet2!B:H,7,0) -> #N/A
A29: OCTOPUS 1/2# (30) | B29: BACH TUOC LON | C29: F0270 | D29: 4.1 | E29: 1 X 30 LB | F29: INDONESIA | G29: WILD | H29: 30 | I29: IWP | J29: Bulk | K29: =VLOOKUP(C:C,Sheet2!B:H,7,0) -> 123
A30: OCTOPUS 2/4# (30) | B30: BACH TUOC LON | C30: F0271 | D30: 4.8 | E30: 1 X 30 LB | F30: INDONESIA | G30: WILD | H30: 30 | I30: IWP | J30: Bulk | K30: =VLOOKUP(C:C,Sheet2!B:H,7,0) -> 144
A31: OCTOPUS 4/6# (30) | B31: BACH TUOC LON | C31: F0272 | D31: 5.9 | E31: 1 X 30 LB | F31: INDONESIA | G31: WILD | H31: 30 | I31: IWP | J31: Bulk | K31: =VLOOKUP(C:C,Sheet2!B:H,7,0) -> 177
A32: OCTOPUS 6/8# (30) | B32: BACH TUOC LON | C32: F0273 | D32: 6.2 | E32: 1 X 30 LB | F32: INDONESIA | G32: WILD | H32: 30 | I32: IWP | J32: Bulk | K32: =VLOOKUP(C:C,Sheet2!B:H,7,0) -> 186
A33: SQUID TENTACLE SLICE (30) | B33: #N/A | C33: F0418 | D33: 4.2 | E33: 30 X 16 OZ | F33: PERU | G33: WILD | H33: 30 | I33: Bag | J33: Retail | K33: =VLOOKUP(C:C,Sheet2!B:H,7,0) -> 126
K34: =VLOOKUP(C:C,Sheet2!B:H,7,0) -> #N/A
A35: ▶ SHRIMP & PRAWNS | K35: =VLOOKUP(C:C,Sheet2!B:H,7,0) -> #N/A
A36: Product Description | B36: Vietnamese | C36: Item # | D36: Unit Price | E36: Packaging | F36: Origin | G36: Method | H36: Weight (lbs) | I36: Pack | J36: Pack Type | K36: =VLOOKUP(C:C,Sheet2!B:H,7,0) -> #N/A
A37: GIANT PRAWN BLC 2/4 (24) | B37: TOM CANG | C37: F0172 | D37: 10.9 | E37: 12 X 2 LB | F37: VIETNAM | G37: FARMED | H37: 24 | I37: Box | J37: Retail | K37: =VLOOKUP(C:C,Sheet2!B:H,7,0) -> 261.6
A38: GIANT PRAWN BLC 4/6 (24) | B38: TOM CANG | C38: F0173 | D38: 10.5 | E38: 12 X 2 LB | F38: VIETNAM | G38: FARMED | H38: 24 | I38: Box | J38: Retail | K38: =VLOOKUP(C:C,Sheet2!B:H,7,0) -> 252
A39: GIANT PRAWN BLC 6/8 (24) | B39: TOM CANG | C39: F0174 | D39: 8.5 | E39: 12 X 2 LB | F39: VIETNAM | G39: FARMED | H39: 24 | I39: Box | J39: Retail | K39: =VLOOKUP(C:C,Sheet2!B:H,7,0) -> 204
A40: GIANT PRAWN BLC 8/12 (24) | B40: TOM CANG | C40: F0175 | D40: 7.4 | E40: 12 X 2 LB | F40: VIETNAM | G40: FARMED | H40: 24 | I40: Box | J40: Retail | K40: =VLOOKUP(C:C,Sheet2!B:H,7,0) -> 177.6
A41: KRILL / BABY SHRIMPS (60x7oz) | B41: TEP BO | C41: F0701 | D41: 1.6 | E41: 60 X 7 OZ | F41: VIETNAM | G41: WILD | H41: 27 | I41: VP | J41: Retail | K41: =VLOOKUP(C:C,Sheet2!B:H,7,0) -> 96
A42: KRILL / TINY SHRIMPS (60x7oz) | B42: RUOC TUOI | C42: F0705 | D42: 1.6 | E42: 60 X 7 OZ | F42: VIETNAM | G42: WILD | H42: 27 | I42: VP | J42: Retail | K42: =VLOOKUP(C:C,Sheet2!B:H,7,0) -> 96
A43: KRILL / WHITE SHRIMPS (60x7oz) | B43: TEP BAC | C43: F0703 | D43: 1.75 | E43: 60 X 7 OZ | F43: VIETNAM | G43: WILD | H43: 26 | I43: VP | J43: Retail | K43: =VLOOKUP(C:C,Sheet2!B:H,7,0) -> 105
A44: WHT SHRIMP HLSO 26/30 (40) | B44: TOM TRANG KHONG DAU | C44: F2022 | D44: 4.7 | E44: 10 X 4 LB | F44: ECUADOR | G44: FARMED | H44: 40 | I44: Box | J44: Retail | K44: =VLOOKUP(C:C,Sheet2!B:H,7,0) -> 188
A45: WHT SHRIMP HLSO 31/35 (40) | B45: TOM TRANG KHONG DAU | C45: F2023 | D45: 4.5 | E45: 10 X 4 LB | F45: ECUADOR | G45: FARMED | H45: 40 | I45: Box | J45: Retail | K45: =VLOOKUP(C:C,Sheet2!B:H,7,0) -> 180
A46: WHT SHRIMP HOSO 30/40 (40) | B46: TOM TRANG CON DAU | C46: F2014 | D46: 3.6 | E46: 10 X 4 LB | F46: ECUADOR | G46: FARMED | H46: 40 | I46: Box | J46: Retail | K46: =VLOOKUP(C:C,Sheet2!B:H,7,0) -> 144
A47: WHT SHRIMP HOSO 40/50 (40) | B47: TOM TRANG CON DAU | C47: F2015 | D47: 3.3 | E47: 10 X 4 LB | F47: ECUADOR | G47: FARMED | H47: 40 | I47: Box | J47: Retail | K47: =VLOOKUP(C:C,Sheet2!B:H,7,0) -> 132
A48: WHT SHRIMP HOSO CPM 20/30 (24) | B48: TOM TRANG CON DAU CHAMPMAR | C48: F2017 | D48: 4.9 | E48: 6 X 4 LB | F48: ECUADOR | G48: FARMED | H48: 24 | I48: Box | J48: Retail | K48: =VLOOKUP(C:C,Sheet2!B:H,7,0) -> 117.6
... A51: WHT SHRIMP HOSO CPM 50/60 (24) | B51: TOM TRANG CON DAU CHAMPMAR | C51: F2016 | D51: 3.4 | E51: 6 X 4 LB | F51: ECUADOR | G51: FARMED | H51: 24 | I51: Box | J51: Retail | K51: =VLOOKUP(C:C,Sheet2!B:H,7,0) -> 81.6
K52: =VLOOKUP(C:C,Sheet2!B:H,7,0) -> #N/A
A53: ▶ SEAFOOD MIXES | K53: =VLOOKUP(C:C,Sheet2!B:H,7,0) -> #N/A
A54: Product Description | B54: Vietnamese | C54: Item # | D54: Unit Price | E54: Packaging | F54: Origin | G54: Method | H54: Weight (lbs) | I54: Pack | J54: Pack Type | K54: =VLOOKUP(C:C,Sheet2!B:H,7,0) -> #N/A
A55: MIXED SEAFOODS (24x16oz) | B55: HAI SAN THAP CAM | C55: F0715 | D55: NJ | E55: 24 X 16 OZ | F55: CHINA | G55: WILD | H55: 24 | I55: Bag | J55: Retail | K55: =VLOOKUP(C:C,Sheet2!B:H,7,0) -> 0
A56: MIXED SEAFOODS BLANCHED (30x14 | B56: HAI SAN THAP CAM | C56: F0710 | D56: 3.2 | E56: 30 X 14 OZ | F56: CHINA | G56: WILD | H56: 26.25 | I56: Bag | J56: Retail | K56: =VLOOKUP(C:C,Sheet2!B:H,7,0) -> 96
A57: PREMIUM SEAFOOD MIX (30) | B57: HAI SAN THAP CAM | C57: F0712 | D57: 0 | E57: 30 X 14 OZ | F57: PERU | G57: WILD | H57: 26.25 | I57: Bag | J57: Retail | K57: =VLOOKUP(C:C,Sheet2!B:H,7,0) -> 0
K58: =VLOOKUP(C:C,Sheet2!B:H,7,0) -> #N/A
A59: ▶ CRAB | K59: =VLOOKUP(C:C,Sheet2!B:H,7,0) -> #N/A
A60: Product Description | B60: Vietnamese | C60: Item # | D60: Unit Price | E60: Packaging | F60: Origin | G60: Method | H60: Weight (lbs) | I60: Pack | J60: Pack Type | K60: =VLOOKUP(C:C,Sheet2!B:H,7,0) -> #N/A
A61: CRAB CLAWS MEAT (24) | B61: THIT CANG GHE | C61: F1111 | D61: 8.3 | E61: 24 X 12 OZ | F61: VIETNAM | G61: WILD | H61: 20 | I61: Jar | J61: Retail | K61: =VLOOKUP(C:C,Sheet2!B:H,7,0) -> 199.2
A62: CRAB LUMPS & SPECIAL (24) | B62: THIT CUA TRANG | C62: F1110 | D62: 5.8 | E62: 24 X 12 OZ | F62: VIETNAM | G62: WILD | H62: 18 | I62: Jar | J62: Retail | K62: =VLOOKUP(C:C,Sheet2!B:H,7,0) -> 139.2
A63: FIELD CRAB WHOLE (30) | B63: CUA DONG NGUYEN CON | C63: F1119 | D63: 2.3 | E63: 30 X 14 OZ | F63: VIETNAM | G63: WILD | H63: 26.25 | I63: VP | J63: Retail | K63: =VLOOKUP(C:C,Sheet2!B:H,7,0) -> 69
A64: IMITATION CRAB FLAKE (30x16) | B64: THANH CUA | C64: F0722 | D64: 2.2 | E64: 30 X 16 OZ | F64: CHINA | G64: WILD | H64: 30 | I64: VP | J64: Retail | K64: =VLOOKUP(C:C,Sheet2!B:H,7,0) -> 66
A65: IMITATION CRAB STICK (30) | B65: THANH CUA | C65: F0720 | D65: 2.2 | E65: 30 X 16 OZ | F65: CHINA | G65: WILD | H65: 30 | I65: VP | J65: Retail | K65: =VLOOKUP(C:C,Sheet2!B:H,7,0) -> 66
K66: =VLOOKUP(C:C,Sheet2!B:H,7,0) -> #N/A
A67: ▶POMFRET | K67: =VLOOKUP(C:C,Sheet2!B:H,7,0) -> #N/A
A68: Product Description | B68: Vietnamese | C68: Item # | D68: Unit Price | E68: Packaging | F68: Origin | G68: Method | H68: Weight (lbs) | I68: Pack | J68: Pack Type | K68: =VLOOKUP(C:C,Sheet2!B:H,7,0) -> #N/A
A69: BLACK POMFRET 500/800 (40) | B69: CA CHIM DEN | C69: F0058 | D69: 3 | E69: 1 X 40 LB | F69: VIETNAM | G69: WILD | H69: 40 | I69: IWP | J69: Bulk | K69: =VLOOKUP(C:C,Sheet2!B:H,7,0) -> 120
A70: BLACK POMFRET 800/UP (40) | B70: CA CHIM DEN | C70: F0059 | D70: 3.2 | E70: 1 X 40 LB | F70: VIETNAM | G70: WILD | H70: 40 | I70: IWP | J70: Bulk | K70: =VLOOKUP(C:C,Sheet2!B:H,7,0) -> 128
A71: GOLDEN POMFRET 400/600 (40) | B71: CA CHIM VANG | C71: F0050 | D71: 3 | E71: 1 X 40 LB | F71: CHINA | G71: FARMED | H71: 40 | I71: IWP | J71: Bulk | K71: =VLOOKUP(C:C,Sheet2!B:H,7,0) -> 120
A72: GOLDEN POMFRET 600/800 (40) | B72: CA CHIM VANG | C72: F0051 | D72: 3.1 | E72: 1 X 40 LB | F72: CHINA | G72: FARMED | H72: 40 | I72: IWP | J72: Bulk | K72: =VLOOKUP(C:C,Sheet2!B:H,7,0) -> 124
A73: GOLDEN POMFRET 800/UP (40) | B73: CA CHIM VANG | C73: F0052 | D73: 3.3 | E73: 1 X 40 LB | F73: CHINA | G73: FARMED | H73: 40 | I73: IWP | J73: Bulk | K73: =VLOOKUP(C:C,Sheet2!B:H,7,0) -> 132
A74: GOLDEN POMFRET 900/UP(40) | B74: CA CHIM VANG | C74: F0053 | D74: 3.7 | E74: 1 X 40 LB | F74: CHINA | G74: FARMED | H74: 40 | I74: IWP | J74: Bulk | K74: =VLOOKUP(C:C,Sheet2!B:H,7,0) -> 148
A75: GOLDEN POMFRET1100/UP (40) | B75: CA CHIM VANG | C75: F0054 | D75: 3.95 | E75: 1 X 40 LB | F75: CHINA | G75: FARMED | H75: 40 | I75: IWP | J75: Bulk | K75: =VLOOKUP(C:C,Sheet2!B:H,7,0) -> 158
K76: =VLOOKUP(C:C,Sheet2!B:H,7,0) -> #N/A
A77: ▶ FROG LEGS | K77: =VLOOKUP(C:C,Sheet2!B:H,7,0) -> #N/A
A78: Product Description | B78: Vietnamese | C78: Item # | D78: Unit Price | E78: Packaging | F78: Origin | G78: Method | H78: Weight (lbs) | I78: Pack | J78: Pack Type | K78: =VLOOKUP(C:C,Sheet2!B:H,7,0) -> #N/A
A79: FROG LEGS 2/4 BOX (30) | B79: DUI ECH CHINA | C79: F1081 | D79: 4.8 | E79: 6 X 5 LB | F79: CHINA | G79: FARMED | H79: 30 | I79: Box | J79: Bulk | K79: =VLOOKUP(C:C,Sheet2!B:H,7,0) -> 144
A80: FROG LEGS 2/4 VN (30) | B80: DUI ECH | C80: F1091 | D80: 4.8 | E80: 6 X 5 LB | F80: VIETNAM | G80: FARMED | H80: 30 | I80: Box | J80: Bulk | K80: =VLOOKUP(C:C,Sheet2!B:H,7,0) -> 144
A81: FROG LEGS 4/6 BOX (30) | B81: DUI ECH CHINA | C81: F1082 | D81: OOS | E81: 6 X 5 LB | F81: CHINA | G81: FARMED | H81: 30 | I81: Box | J81: Bulk | K81: =VLOOKUP(C:C,Sheet2!B:H,7,0) -> #N/A
A82: FROG LEGS 4/6 R/P (30x16) | B82: DUI ECH CHINA | C82: F1086 | D82: 6 | E82: 30 X 16 OZ | F82: CHINA | G82: FARMED | H82: 30 | I82: VP | J82: Retail | K82: =VLOOKUP(C:C,Sheet2!B:H,7,0) -> 180
A83: FROG LEGS 4/6 VN (30) | B83: DUI ECH | C83: F1092 | D83: 5.3 | E83: 6 X 5 LB | F83: VIETNAM | G83: FARMED | H83: 30 | I83: Box | J83: Bulk | K83: =VLOOKUP(C:C,Sheet2!B:H,7,0) -> 159
A84: FROG LEGS 6/8 BOX (30) | B84: DUI ECH CHINA | C84: F1083 | D84: 4.9 | E84: 6 X 5 LB | F84: CHINA | G84: FARMED | H84: 30 | I84: Box | J84: Bulk | K84: =VLOOKUP(C:C,Sheet2!B:H,7,0) -> 147
A85: FROG LEGS 6/8 VN (30) | B85: DUI ECH | C85: F1093 | D85: 5 | E85: 6 X 5 LB | F85: VIETNAM | G85: FARMED | H85: 30 | I85: Box | J85: Bulk | K85: =VLOOKUP(C:C,Sheet2!B:H,7,0) -> 150
A86: FROG LEGS 8/12 BOX (30) | B86: DUI ECH CHINA | C86: F1084 | D86: 4.9 | E86: 6 X 5 LB | F86: CHINA | G86: FARMED | H86: 30 | I86: Box | J86: Bulk | K86: =VLOOKUP(C:C,Sheet2!B:H,7,0) -> 147
A87: FROG SECTIONS IN SPICY SAUCE ( | B87: DUI ECH CHINA | C87: F1088 | D87: 4 | E87: 20 X 1.1LB | F87: CHINA | G87: FARMED | H87: 22 | I87: VP | J87: Retail | K87: =VLOOKUP(C:C,Sheet2!B:H,7,0) -> 88
K88: =VLOOKUP(C:C,Sheet2!B:H,7,0) -> #N/A
A89: ▶ CLAMS & SHELLFISH | K89: =VLOOKUP(C:C,Sheet2!B:H,7,0) -> #N/A
A90: Product Description | B90: Vietnamese | C90: Item # | D90: Unit Price | E90: Packaging | F90: Origin | G90: Method | H90: Weight (lbs) | I90: Pack | J90: Pack Type | K90: =VLOOKUP(C:C,Sheet2!B:H,7,0) -> #N/A
A91: BLK MUSSEL MEAT (20) | B91: THIT VEM | C91: F0766 | D91: 3 | E91: 10 X 2 LB | F91: CHILE | G91: FARMED | H91: 20 | I91: Bag | J91: Retail | K91: =VLOOKUP(C:C,Sheet2!B:H,7,0) -> 60
A92: BLK MUSSEL WHOLE (20) | B92: VEM NGUYEN CON | C92: F0768 | D92: 1.7 | E92: 20 X 16 OZ | F92: CHINA | G92: FARMED | H92: 20 | I92: VP | J92: Retail | K92: =VLOOKUP(C:C,Sheet2!B:H,7,0) -> 34
A93: GRN MUSSEL H/S Med (24) | B93: VEM NUA MANH | C93: F0764 | D93: 4.75 | E93: 12 X 2 LB | F93: NEW ZLAND | G93: FARMED | H93: 24 | I93: Bag | J93: Retail | K93: =VLOOKUP(C:C,Sheet2!B:H,7,0) -> 114
A94: CKD BABY CLAM MEAT (30) | B94: THIT HEN | C94: F0012 | D94: OOS | E94: 30 X 14 OZ | F94: VIETNAM | G94: WILD | H94: 26.25 | I94: VP | J94: Retail | K94: =VLOOKUP(C:C,Sheet2!B:H,7,0) -> #N/A
A95: CKD CLAM MEAT 200/300 (30) | B95: THIT NGHEU | C95: F0016 | D95: 3.7 | E95: 30 X 14 OZ | F95: CHINA | G95: WILD | H95: 26.25 | I95: Bag | J95: Retail | K95: =VLOOKUP(C:C,Sheet2!B:H,7,0) -> 111
A96: CKD CLAM MEAT 300/500 (30) | B96: THIT NGHEU | C96: F0017 | D96: 3.7 | E96: 30 X 14 OZ | F96: VIETNAM | G96: WILD | H96: 26.25 | I96: Bag | J96: Retail | K96: =VLOOKUP(C:C,Sheet2!B:H,7,0) -> 111
A97: CKD WHL WHT CLAM 11/16 (10x1) | B97: NGHEU | C97: F0745 | D97: 2.6 | E97: 10 X 16 OZ | F97: VIETNAM | G97: FARMED | H97: 10 | I97: VP | J97: Retail | K97: =VLOOKUP(C:C,Sheet2!B:H,7,0) -> 26
A98: CKD WHL WHT CLAM 11/16 (10x2) | B98: NGHEU | C98: F0741 | D98: OOS | E98: 10 X 2 LB | F98: VIETNAM | G98: FARMED | H98: 20 | I98: VP | J98: Retail | K98: =VLOOKUP(C:C,Sheet2!B:H,7,0) -> #N/A
A99: CKD WHL WHT CLAM 17/22 (10x2) | B99: NGHEU | C99: F0742 | D99: 2.2 | E99: 10 X 2 LB | F99: VIETNAM | G99: FARMED | H99: 20 | I99: VP | J99: Retail | K99: =VLOOKUP(C:C,Sheet2!B:H,7,0) -> 44
A100: CKD WHL WHT CLAM 23/30 (10x2) | B100: NGHEU | C100: F0747 | D100: OOS | E100: 10 X 2 LB | F100: VIETNAM | G100: FARMED | H100: 20 | I100: VP | J100: Retail | K100: =VLOOKUP(C:C,Sheet2!B:H,7,0) -> #N/A
A101: COOKED ABALONE 41/45g (30) | B101: BAO NGU | C101: F0802 | D101: 6 | E101: 30 X 8 OZ | F101: CHINA | G101: FARMED | H101: 15 | I101: VP | J101: Retail | K101: =VLOOKUP(C:C,Sheet2!B:H,7,0) -> 180
A102: COOKED ABALONE 61/65g (30) | B102: BAO NGU | C102: F0805 | D102: 7 | E102: 30 X 8 OZ | F102: CHINA | G102: FARMED | H102: 15 | I102: VP | J102: Retail | K102: =VLOOKUP(C:C,Sheet2!B:H,7,0) -> 210
A103: COOKED COCONUT TOPSNAIL (24) | B103: OC LEN XAO DUA | C103: F0021 | D103: 3.9 | E103: 24 X 12 OZ | F103: VIETNAM | G103: WILD | H103: 18 | I103: Box | J103: Retail | K103: =VLOOKUP(C:C,Sheet2!B:H,7,0) -> 93.6
...

Sheet Alphabetical Index
A1: ALPHABETICAL PRODUCT INDEX
A2: Quick lookup by product name
A4: Product Description | B4: Item # | C4: Origin | D4: Category | E4: Packaging | F4: Weight (lbs) | G4: Unit Price | H4: Case Price
A5: AMBERJACK (HAMACHI) 2-4# (44.1 | B5: F0332 | C5: KOREA | D5: FISH - TUNA & AMBERJACK | E5: 1 X 44.1# | F5: 44 | G5: 0 | H5: 0.8
A6: AROMA SPICY GREEN CHILI (60) | B6: F0370 | C6: VIETNAM | D6: OTHER | E6: 60 X 7 OZ | F6: 26.25 | G6: 0 | H6: 0
A7: BABY BONITA/BULLET TUNA (30) | B7: F0364 | C7: VIETNAM | D7: FISH - TUNA & AMBERJACK | E7: 15 X 2 LB | F7: 30 | G7: 0 | H7: 0
A8: BABY LOLIGO SQUID R/P (30) | B8: F0403 | C8: CHINA | D8: OCTOPUS & SQUID | E8: 30 X 14 OZ | F8: 26 | G8: 0 | H8: 0.5
A9: BABY MULLET W/R (20x1.5) | B9: F0320 | C9: VIETNAM | D9: FISH - SPECIALTY | E9: 20 X 1.5# | F9: 30 | G9: 0 | H9: 0
A10: BABY OCTOPUS DS 16/25 (24) | B10: F0296 | C10: VIETNAM | D10: OCTOPUS & SQUID | E10: 12 X 2 LB | F10: 24 | G10: 0 | H10: 0.4
A11: BABY OCTOPUS DS 5/15 (24) | B11: F0295 | C11: VIETNAM | D11: OCTOPUS & SQUID | E11: 12 X 2 LB | F11: 24 | G11: 0 | H11: 0
A12: BABY OCTOPUS SS 16/25 (12x2) | B12: F0291 | C12: VIETNAM | D12: OCTOPUS & SQUID | E12: 12 X 2 LB | F12: 24 | G12: 0 | H12: 0.4
A13: BABY OCTOPUS SS 5/15 (12x2) | B13: F0290 | C13: VIETNAM | D13: OCTOPUS & SQUID | E13: 12 X 2 LB | F13: 24 | G13: 0 | H13: 0
A14: BABY ROUNDSCAD (15x2) RND | B14: F0349 | C14: VIETNAM | D14: FISH - SPECIALTY | E14: 15 X 2 LB | F14: 30 | G14: 0 | H14: 0.5
A15: BANANA FISH (30) | B15: F0240 | C15: VIETNAM | D15: OTHER | E15: 30 X 14 OZ | F15: 26.4 | G15: 0 | H15: 0
A16: BELT FISH W/R 1000/1500 (22.05 | B16: F0464 | C16: VENESUELA | D16: OTHER | E16: 1 X 22.05# | F16: 22 | G16: 0 | H16: 0.79
... A272: YOUNG BLACK PEPPER (40) | B272: F0375 | C272: VIETNAM | D272: OTHER | E272: 40 X 4 OZ | F272: 10 | G272: 0 | H272: 0

Sheet Sheet1
A2: Run Date: 02/10/2026 | C2: SEAQUEST SEAFOOD | D2: CORPORATION | G2: Pag | H2: e: 1
A3: R/M Date: 02/10/2026 | C3: NEW PRICE | D3: LIST | G3: Tim | H3: e: 10:21 AM
A5: DESCRIPTION | B5: ITEM# | C5: ORIGIN | D5: MOC | E5: PACKAGING | F5: WEIGHT | G5: U. PRI | H5: CECASE PRICE
A7: SLT CROAKER 40/U (40) | B7: C0029 | C7: VIETNAM | D7: WILD | E7: 1 X 40 LB | F7: 40 | G7: 5.6 | H7: 224
A8: SLT KING MACK FILLET (40) | B8: C0031 | C8: VIETNAM | D8: WILD | E8: 1 X 40 LB | F8: 40 | G8: 8.7 | H8: 348
A9: SLT SABA MACK FILET (22) | B9: C0037 | C9: TAIWAN | D9: WILD | E9: 22 X 6.4 Z | F9: 8.8 | G9: 1.9 | H9: 41.8
A10: DH KRILL (20) | B10: C0041 | C10: VIETNAM | D10: WILD | E10: 20 X 8 OZ | F10: 10 | G10: 3.8 | H10: 76
A11: DH KRILL (10) | B11: C0044 | C11: VIETNAM | D11: WILD | E11: 1 X 10 LB | F11: 10 | G11: 7.5 | H11: 75
A12: DH BABY SQUID SKIN-ON (20x8) | B12: C0053 | C12: VIETNAM | D12: WILD | E12: 20 X 8 OZ | F12: 10 | G12: 6.4 | H12: 128
A13: DH MUDFISH STRIPS (33) | B13: C0065 | C13: VIETNAM | D13: FARMED | E13: 1 X 33 LB | F13: 33 | G13: 5 | H13: 165
A14: SLT CONGER EEL FILET (30) | B14: C0072 | C14: VIETNAM | D14: FARMED | E14: 30 X 12 OZ | F14: 22.5 | G14: 5.4 | H14: 162
A15: DH SEASONED RIVERBARB (60) | B15: C0140 | C15: VIETNAM | D15: FARMED | E15: 60 X 10 OZ | F15: 37.5 | G15: 3.5 | H15: 210
A16: DRIED KRILL/SHRIMP MED (80) | B16: C0152 | C16: VIETNAM | D16: WILD | E16: 80 X 3 OZ | F16: 15 | G16: 1.8 | H16: 144
A17: DRIED KRILL/SHRIMP LRG (80) | B17: C0153 | C17: VIETNAM | D17: WILD | E17: 80 X 3 OZ | F17: 15 | G17: 2 | H17: 160
A18: DH FILE FISH (22) | B18: C0170 | C18: VIETNAM | D18: WILD | E18: 1 X 22 LB | F18: 22 | G18: 6.8 | H18: 149.6
... A52: ROHU 800/1200 (40) | B52: F0127 | C52: THAILAND | D52: FARMED | E52: 1 X 40 LB | F52: 40 | G52: 2.6 | H52: 104
A57: 1) OCTOPUS
A58: 2) CUTTLEFISH
A59: 3) CRAB MEAT
A60: 4) CLAM
A61: 5) CONCH MEAT
A62: 6) FROG LEG
A63: 7) POMFRET
A64: 8) SCHRIMP
A65: 9) SQUID
A66: 10) SWAI
A67: 11) TILAPIA
A68: 12) AGRICULTURAL ITEMS
... A73: 21) FISH PASTE
A89: ROHU1200/1500 (40) | B89: F0128 | C89: THAILAND | D89: FARMED | E89: 1 X 40 LB | F89: 40 | G89: 2.6 | H89: 104
A90: STM GUTTED MACKEREL 2P (30) | B90: F0141 | C90: VIETNAM | D90: WILD | E90: 30 X 8 OZ | F90: 15 | G90: 2.65 | H90: 79.5
A91: STM GUTTED MACKEREL 3P (30) | B91: F0142 | C91: VIETNAM | D91: WILD | E91: 30 X 8 OZ | F91: 15 | G91: 2.65 | H91: 79.5
A92: YLW STRIPE TREVALLY (30x14) | B92: F0151 | C92: VIETNAM | D92: WILD | E92: 30 X 14 OZ | F92: 27 | G92: 2.1 | H92: 63
A93: SILVERBARB 300/500 (30) | B93: F0154 | C93: VIETNAM | D93: FARMED | E93: 15 X 2 LBS | F93: 30 | G93: 3.5 | H93: 105
A94: SILVERBARB 500/800 | B94: F0155 | C94: VIETNAM | D94: FARMED | E94: 1 X 33 LB | F94: 33 | G94: 3.6 | H94: 118.8
A95: RIVERBARB 250/300 R/P (30) | B95: F0162 | C95: VIETNAM | D95: FARMED | E95: 15 X 2 LB | F95: 30 | G95: 3.9 | H95: 117
A96: OLIVE BARB 800/1000 | B96: F0169 | C96: MYANMAR | D96: WILD | E96: 1 X 33 LB | F96: 33 | G96: 3.3 | H96: 108.9
A154: Run Date: 02/10/2026 | C154: SEAQUEST SEAFOOD | D154: CORPORATION | G154: Pag | H154: e: 2
A155: R/M Date: 02/10/2026 | C155: NEW PRICE | D155: LIST | G155: Tim | H155: e: 10:21 AM
A157: DESCRIPTION | B157: ITEM# | C157: ORIGIN | D157: MOC | E157: PACKAGING | F157: WEIGHT | G157: U. PRI | H157: CECASE PRICE
A159: GIANT PRAWN BLC 2/4 (24) | B159: F0172 | C159: VIETNAM | D159: FARMED | E159: 12 X 2 LB | F159: 24 | G159: 10.9 | H159: 261.6
A160: GIANT PRAWN BLC 4/6 (24) | B160: F0173 | C160: VIETNAM | D160: FARMED | E160: 12 X 2 LB | F160: 24 | G160: 10.5 | H160: 252
A161: GIANT PRAWN BLC 6/8 (24) | B161: F0174 | C161: VIETNAM | D161: FARMED | E161: 12 X 2 LB | F161: 24 | G161: 8.5 | H161: 204
A162: GIANT PRAWN BLC 8/12 (24) | B162: F0175 | C162: VIETNAM | D162: FARMED | E162: 12 X 2 LBS | F162: 24 | G162: 7.5 | H162: 180
A163: RIVER CARP H&G (30) | B163: F0191 | C163: VIETNAM | D163: WILD | E163: 30 X 14 OZ | F163: 26.5 | G163: 2.8 | H163: 84
A164: CLIMBING PERCH CLN (30) | B164: F0205 | C164: VIETNAM | D164: FARMED | E164: 30 X 14 OZ | F164: 27 | G164: 2.95 | H164: 88.5
A165: GOURAMI FISH CLN (30) | B165: F0210 | C165: VIETNAM | D165: WILD | E165: 30 X 14 OZ | F165: 30 | G165: 4.2 | H165: 126
A166: HILSA FISH 400/600 (30) | B166: F0220 | C166: MYANMAR | D166: WILD | E166: 15 X 2 LB | F166: 30 | G166: 7.7 | H166: 231
A167: HILSA FISH 500/800 | B167: F0221 | C167: MYANMAR | D167: WILD | E167: 1 X 33 LB | F167: 33 | G167: 8 | H167: 264
A168: HILSA FISH 1000/1200g | B168: F0223 | C168: MYANMAR | D168: WILD | E168: 1 X 33 LB | F168: 33 | G168: 9.8 | H168: 323.4
A169: HILSA FISH 1200/1500g | B169: F0224 | C169: MYANMAR | D169: WILD | E169: 1 X 33 LB | F169: 33 | G169: 10.5 | H169: 346.5
A170: HILSA FISH 1500/1800g | B170: F0225 | C170: MYANMAR | D170: WILD | E170: 1 X 33 LB | F170: 33 | G170: 12.5 | H170: 412.5
... A226: PALM NUT XS 25/30 (40) | B226: F0377 | C226: VIETNAM | D226: WILD | E226: 40 X 16 OZ | F226: 40 | G226: 3.4 | H226: 136
A284: Run Date: 02/10/2026 | C284: SEAQUEST SEAFOOD | D284: CORPORATION | G284: Pag | H284: e: 3
A285: R/M Date: 02/10/2026 | C285: NEW PRICE | D285: LIST | G285: Tim | H285: e: 10:21 AM
A287: DESCRIPTION | B287: ITEM# | C287: ORIGIN | D287: MOC | E287: PACKAGING | F287: WEIGHT | G287: U. PRI | H287: CECASE PRICE
A289: PALM NUT S 18/24 (40) | B289: F0378 | C289: VIETNAM | D289: WILD | E289: 40 X 16 OZ | F289: 40 | G289: 3.3 | H289: 132
A290: PALM NUT M 16/18 (40) | B290: F0379 | C290: VIETNAM | D290: WILD | E290: 40 X 16 OZ | F290: 40 | G290: 3.3 | H290: 132
A291: SILVER / ICE FISH 3/5 (44) | B291: F0380 | C291: CHINA | D291: WILD | E291: 20 X 2.2# | F291: 44 | G291: 4.65 | H291: 204.6
A292: SILVER / ICE FISH 3/5 (60x8) | B292: F0384 | C292: CHINA | D292: WILD | E292: 60 X 8 OZ | F292: 30 | G292: 3.4 | H292: 204
A293: GRAY/SILVER ANCHOVY 5/7 (30) | B293: F0390 | C293: VIETNAM | D293: WILD | E293: 30 X 14 OZ | F293: 26 | G293: 2.8 | H293: 84
A294: WHT ANCHOVY H/L (30) | B294: F0393 | C294: VIETNAM | D294: WILD | E294: 30 X 14 OZ | F294: 26 | G294: 2.8 | H294: 84
A295: RIVER ANCHOVY (30) | B295: F0398 | C295: VIETNAM | D295: WILD | E295: 30 X 14 OZ | F295: 26 | G295: 2.55 | H295: 76.5
A296: BABY LOLIGO SQUID R/P (30) | B296: F0403 | C296: CHINA | D296: WILD | E296: 30 X 14 OZ | F296: 26 | G296: 3.25 | H296: 97.5
A297: LOLIGO SQUID T&T 3/5 (50) | B297: F0410 | C297: CHINA | D297: WILD | E297: 20 X 2.5# | F297: 50 | G297: 3.4 | H297: 170
A298: LOLIGO SQUID TUBES 3/5 (50) | B298: F0412 | C298: CHINA | D298: WILD | E298: 20 X 2.5# | F298: 50 | G298: 3.7 | H298: 185
A299: LOLIGO SQUID TENTACLES (30) | B299: F0413 | C299: CHINA | D299: WILD | E299: 30 X 14 OZ | F299: 26.25 | G299: 3.7 | H299: 111
A300: LOLIGO TENTACLES 40/60g (30) | B300: F0414 | C300: 3 VIETNAM | D300: WILD | E300: 30 X 14 OZ | F300: 26.25 | G300: 3.8 | H300: 114
... A356: SWAI HEAD-ON G&G (33) | B356: F0603 | C356: VIETNAM | D356: FARMED | E356: 1 X 33 LB | F356: 33 | G356: 2.5 | H356: 82.5
A414: Run Date: 02/10/2026 | C414: SEAQUEST SEAFOOD | D414: CORPORATION | G414: Pag | H414: e: 4
A415: R/M Date: 02/10/2026 | C415: NEW PRICE | D415: LIST | G415: Tim | H415: e: 10:21 AM
A417: DESCRIPTION | B417: ITEM# | C417: ORIGIN | D417: MOC | E417: PACKAGING | F417: WEIGHT | G417: U. PRI | H417: CECASE PRICE
A419: MILK FISH 600/800 (40) | B419: F0612 | C419: TAIWAN | D419: FARMED | E419: 1 X 40 LB | F419: 40 | G419: 2.6 | H419: 104
A420: MILK FISH 800/1200 (40) | B420: F0613 | C420: TAIWAN | D420: FARMED | E420: 1 X 40 LB | F420: 40 | G420: 2.7 | H420: 108
A421: MILK FISH 1200/1500 (40) | B421: F0614 | C421: TAIWAN | D421: FARMED | E421: 1 X 40 LB | F421: 40 | G421: 2.8 | H421: 112
A422: MOON FISH 4/6 (30) | B422: F0621 | C422: VIETNAM | D422: WILD | E422: 15 X 2 LB | F422: 30 | G422: 1.6 | H422: 48
A423: SWEETLIPS FISH 500/800 | B423: F0626 | C423: INDONESIA | D423: WILD | E423: 1 X 33 LB | F423: 33 | G423: 2.8 | H423: 92.4
A424: SWEETLIPS FISH 800/1200 | B424: F0627 | C424: INDONESIA | D424: WILD | E424: 1 X 33 LB | F424: 33 | G424: 2.9 | H424: 95.7
A425: BROADHEAD H/L (30) | B425: F0631 | C425: VIETNAM | D425: FARMED | E425: 15 X 2 LB | F425: 30 | G425: 4 | H425: 120
A426: BROADHEAD GUTTED 100/300 (30) | B426: F0633 | C426: CHINA | D426: FARMED | E426: 15 X 2 LB | F426: 30 | G426: 3.9 | H426: 117
A427: BROADHEAD GUTTED 500/800 | B427: F0634 | C427: VIETNAM | D427: FARMED | E427: 1 X 33 LB | F427: 33 | G427: 3.8 | H427: 125.4
A428: BROADHEAD GUTTED 800/UP | B428: F0635 | C428: VIETNAM | D428: FARMED | E428: 1 X 33 LB | F428: 33 | G428: 3.8 | H428: 125.4
A429: BROADHEAD STEAKS (30) | B429: F0638 | C429: VIETNAM | D429: FARMED | E429: 15 X 2 LB | F429: 30 | G429: 3.9 | H429: 117
A430: GIANT SEA PERCH 600/800 (40) B | B430: F0643 | C430: TAIWAN | D430: FARMED | E430: 1 X 40 LB | F430: 40 | G430: 2.8 | H430: 112
... A486: TILAPIA G&S CHN 350/550 (10x3) | B486: F1050 | C486: CHINA | D486: FARMED | E486: 10 X 3 LB | F486: 30 | G486: 1.75 | H486: 52.5
A544: Run Date: 02/10/2026 | C544: SEAQUEST SEAFOOD | D544: CORPORATION | G544: Pag | H544: e: 5
A545: R/M Date: 02/10/2026 | C545: NEW PRICE | D545: LIST | G545: Tim | H545: e: 10:21 AM
A547: DESCRIPTION | B547: ITEM# | C547: ORIGIN | D547: MOC | E547: PACKAGING | F547: WEIGHT | G547: U. PRI | H547: CECASE PRICE
A549: TILAPIA G&S CHN 550/750 (40) | B549: F1053 | C549: CHINA | D549: FARMED | E549: 1 X 40 LB | F549: 40 | G549: 1.35 | H549: 54
A550: TILAPIA G&S CHN 750/950 (40) | B550: F1054 | C550: CHINA | D550: FARMED | E550: 1 X 40 LB | F550: 40 | G550: 1.35 | H550: 54
A551: TILAPIA G&S CHN 950/1200 (40) | B551: F1055 | C551: CHINA | D551: FARMED | E551: 1 X 40 LB | F551: 40 | G551: 1.47 | H551: 58.8
A552: TILAPIA G&S CHN 1200/1500 (40) | B552: F1055 | C552: 5 CHINA | D552: FARMED | E552: 1 X 40 LB | F552: 40 | G552: 1.47 | H552: 58.8
A553: TILAPIA G&S CHN 1500/2000 (40) | B553: F1055 | C553: 6 CHINA | D553: FARMED | E553: 1 X 40 LB | F553: 40 | G553: 1.47 | H553: 58.8
A554: TILAPIA G&S TWN 550/750 (40) | B554: F1057 | C554: TAIWAN | D554: FARMED | E554: 1 X 40 LB | F554: 40 | G554: 1.5 | H554: 60
A555: TILAPIA G&S TWN 750/950 (40) | B555: F1058 | C555: TAIWAN | D555: FARMED | E555: 1 X 40 LB | F555: 40 | G555: 1.6 | H555: 64
A556: PM TILAPIA FILET IVP 3/5 (10) | B556: F1061 | C556: CHINA | D556: FARMED | E556: 1 X 10 LB | F556: 10 | G556: 2.25 | H556: 22.5
A557: PM TILAPIA FILET IVP 5/7 (10) | B557: F1062 | C557: CHINA | D557: FARMED | E557: 1 X 10 LB | F557: 10 | G557: 2.35 | H557: 23.5
A558: PM TILAPIA FILET IVP 7/9 (10) | B558: F1063 | C558: CHINA | D558: FARMED | E558: 1 X 10 LB | F558: 10 | G558: 2.4 | H558: 24
A559: TILAPIA FILLET R/P (20) | B559: F1064 | C559: CHINA | D559: FARMED | E559: 10 X 2 LB | F559: 20 | G559: 2.5 | H559: 50
A560: PM TILAPIA FILET BULK 3/5 (10) | B560: F1066 | C560: CHINA | D560: FARMED | E560: 1 X 10 LB | F560: 10 | G560: 2.2 | H560: 22
...

Sheet Sheet2
A2: Run Date: 03/02/2026 | C2: SEAQUEST SEAFOOD | D2: CORPORATION | G2: Pag | H2: e: 1
A3: R/M Date: 03/02/2026 | C3: NEW PRICE | D3: LIST | G3: Tim | H3: e: 10:08 AM
A5: DESCRIPTION | B5: ITEM# | C5: ORIGIN | D5: MOC | E5: PACKAGING | F5: WEIGHT | G5: U. PRI | H5: CECASE PRICE
A7: SLT CROAKER 40/U (40) | B7: C0029 | C7: VIETNAM | D7: WILD | E7: 1 X 40 LB | F7: 40 | G7: 5.6 | H7: 224
A8: SLT KING MACK FILLET (40) | B8: C0031 | C8: VIETNAM | D8: WILD | E8: 1 X 40 LB | F8: 40 | G8: 8.7 | H8: 348
A9: SLT SABA MACK FILET (22) | B9: C0037 | C9: TAIWAN | D9: WILD | E9: 22 X 6.4 Z | F9: 8.8 | G9: 1.9 | H9: 41.8
A10: DH KRILL (20) | B10: C0041 | C10: VIETNAM | D10: WILD | E10: 20 X 8 OZ | F10: 10 | G10: 3.8 | H10: 76
A11: DH KRILL (10) | B11: C0044 | C11: VIETNAM | D11: WILD | E11: 1 X 10 LB | F11: 10 | G11: 7.5 | H11: 75
A12: DH BABY SQUID SKIN-ON (20x8) | B12: C0053 | C12: VIETNAM | D12: WILD | E12: 20 X 8 OZ | F12: 10 | G12: 6.4 | H12: 128
A13: DH MUDFISH STRIPS (33) | B13: C0065 | C13: VIETNAM | D13: FARMED | E13: 1 X 33 LB | F13: 33 | G13: 5 | H13: 165
A14: SLT CONGER EEL FILET (30) | B14: C0072 | C14: VIETNAM | D14: FARMED | E14: 30 X 12 OZ | F14: 22.5 | G14: 5.4 | H14: 162
A15: DH SEASONED RIVERBARB (60) | B15: C0140 | C15: VIETNAM | D15: FARMED | E15: 60 X 10 OZ | F15: 37.5 | G15: 3.5 | H15: 210
A16: DRIED KRILL/SHRIMP MED (80) | B16: C0152 | C16: VIETNAM | D16: WILD | E16: 80 X 3 OZ | F16: 15 | G16: 1.8 | H16: 144
A17: DRIED KRILL/SHRIMP LRG (80) | B17: C0153 | C17: VIETNAM | D17: WILD | E17: 80 X 3 OZ | F17: 15 | G17: 2 | H17: 160
A18: DH ANCHOVY 2/3 (22) | B18: C0161 | C18: VIETNAM | D18: WILD | E18: 1 X 22 LB | F18: 22 | G18: 4 | H18: 88
... A74: OLIVE BARB 500/800 | B74: F0168 | C74: MYANMAR | D74: WILD | E74: 1 X 33 LB | F74: 33 | G74: 3.4 | H74: 112.2
A132: Run Date: 03/02/2026 | C132: SEAQUEST SEAFOOD | D132: CORPORATION | G132: Pag | H132: e: 2
A133: R/M Date: 03/02/2026 | C133: NEW PRICE | D133: LIST | G133: Tim | H133: e: 10:08 AM
A135: DESCRIPTION | B135: ITEM# | C135: ORIGIN | D135: MOC | E135: PACKAGING | F135: WEIGHT | G135: U. PRI | H135: CECASE PRICE
A137: OLIVE BARB 800/1000 | B137: F0169 | C137: MYANMAR | D137: WILD | E137: 1 X 33 LB | F137: 33 | G137: 3.3 | H137: 108.9
A138: GIANT PRAWN BLC 2/4 (24) | B138: F0172 | C138: VIETNAM | D138: FARMED | E138: 12 X 2 LB | F138: 24 | G138: 10.9 | H138: 261.6
A139: GIANT PRAWN BLC 4/6 (24) | B139: F0173 | C139: VIETNAM | D139: FARMED | E139: 12 X 2 LB | F139: 24 | G139: 10.5 | H139: 252
A140: GIANT PRAWN BLC 6/8 (24) | B140: F0174 | C140: VIETNAM | D140: FARMED | E140: 12 X 2 LB | F140: 24 | G140: 8.5 | H140: 204
A141: GIANT PRAWN BLC 8/12 (24) | B141: F0175 | C141: VIETNAM | D141: FARMED | E141: 12 X 2 LBS | F141: 24 | G141: 7.4 | H141: 177.6
A142: RIVER CARP H&G (30) | B142: F0191 | C142: VIETNAM | D142: WILD | E142: 30 X 14 OZ | F142: 26.5 | G142: 2.8 | H142: 84
A143: CLIMBING PERCH CLN (30) | B143: F0205 | C143: VIETNAM | D143: FARMED | E143: 30 X 14 OZ | F143: 26.25 | G143: 2.95 | H143: 88.5
A144: GOURAMI FISH CLN (30) | B144: F0210 | C144: VIETNAM | D144: WILD | E144: 30 X 14 OZ | F144: 26.25 | G144: 4.2 | H144: 126
A145: HILSA FISH 400/600 (30) | B145: F0220 | C145: MYANMAR | D145: WILD | E145: 15 X 2 LB | F145: 30 | G145: 7.7 | H145: 231
A146: HILSA FISH 500/800 | B146: F0221 | C146: MYANMAR | D146: WILD | E146: 1 X 33 LB | F146: 33 | G146: 8 | H146: 264
A147: HILSA FISH 1000/1200g | B147: F0223 | C147: MYANMAR | D147: WILD | E147: 1 X 33 LB | F147: 33 | G147: 9.8 | H147: 323.4
A148: HILSA FISH 1200/1500g | B148: F0224 | C148: MYANMAR | D148: WILD | E148: 1 X 33 LB | F148: 33 | G148: 10.5 | H148: 346.5
... A204: PALM NUT S 18/24 (40) | B204: F0378 | C204: VIETNAM | D204: WILD | E204: 40 X 16 OZ | F204: 40 | G204: 3.5 | H204: 140
A262: Run Date: 03/02/2026 | C262: SEAQUEST SEAFOOD | D262: CORPORATION | G262: Pag | H262: e: 3
A263: R/M Date: 03/02/2026 | C263: NEW PRICE | D263: LIST | G263: Tim | H263: e: 10:08 AM
A265: DESCRIPTION | B265: ITEM# | C265: ORIGIN | D265: MOC | E265: PACKAGING | F265: WEIGHT | G265: U. PRI | H265: CECASE PRICE
A267: PALM NUT M 16/18 (40) | B267: F0379 | C267: VIETNAM | D267: WILD | E267: 40 X 16 OZ | F267: 40 | G267: 3.5 | H267: 140
A268: SILVER / ICE FISH 3/5 (44) | B268: F0380 | C268: CHINA | D268: WILD | E268: 20 X 2.2# | F268: 44 | G268: 4.65 | H268: 204.6
A269: SILVER / ICE FISH 3/5 (60x8) | B269: F0384 | C269: CHINA | D269: WILD | E269: 60 X 8 OZ | F269: 30 | G269: 3.4 | H269: 204
A270: GRAY/SILVER ANCHOVY 5/7 (30) | B270: F0390 | C270: VIETNAM | D270: WILD | E270: 30 X 14 OZ | F270: 26.25 | G270: 2.8 | H270: 84
A271: WHT ANCHOVY H/L (30) | B271: F0393 | C271: VIETNAM | D271: WILD | E271: 30 X 14 OZ | F271: 26.25 | G271: 2.8 | H271: 84
A272: RIVER ANCHOVY (30) | B272: F0398 | C272: VIETNAM | D272: WILD | E272: 30 X 14 OZ | F272: 26.25 | G272: 2.55 | H272: 76.5
A273: BABY LOLIGO SQUID R/P (30) | B273: F0403 | C273: CHINA | D273: WILD | E273: 30 X 14 OZ | F273: 26.25 | G273: 3.25 | H273: 97.5
A274: LOLIGO SQUID T&T 3/5 (50) | B274: F0410 | C274: CHINA | D274: WILD | E274: 20 X 2.5# | F274: 50 | G274: 3.4 | H274: 170
A275: LOLIGO SQUID TUBES 3/5 (50) | B275: F0412 | C275: CHINA | D275: WILD | E275: 20 X 2.5# | F275: 50 | G275: 3.7 | H275: 185
A276: LOLIGO SQUID TENTACLES (30) | B276: F0413 | C276: CHINA | D276: WILD | E276: 30 X 14 OZ | F276: 26.25 | G276: 3.7 | H276: 111
A277: LOLIGO TENTACLES 40/60g (30) | B277: F0414 | C277: 3 VIETNAM | D277: WILD | E277: 30 X 14 OZ | F277: 26.25 | G277: 3.8 | H277: 114
A278: LOLIGO TENTACLES 60/80g (30) | B278: F0414 | C278: 4 VIETNAM | D278: WILD | E278: 30 X 14 OZ | F278: 26.25 | G278: 3.8 | H278: 114
... A334: MILK FISH 800/1200 (40) | B334: F0613 | C334: TAIWAN | D334: FARMED | E334: 1 X 40 LB | F334: 40 | G334: 2.6 | H334: 104
A392: Run Date: 03/02/2026 | C392: SEAQUEST SEAFOOD | D392: CORPORATION | G392: Pag | H392: e: 4
A393: R/M Date: 03/02/2026 | C393: NEW PRICE | D393: LIST | G393: Tim | H393: e: 10:08 AM
A395: DESCRIPTION | B395: ITEM# | C395: ORIGIN | D395: MOC | E395: PACKAGING | F395: WEIGHT | G395: U. PRI | H395: CECASE PRICE
A397: MILK FISH 1200/1500 (40) | B397: F0614 | C397: TAIWAN | D397: FARMED | E397: 1 X 40 LB | F397: 40 | G397: 2.7 | H397: 108
A398: MOON FISH 4/6 (30) | B398: F0621 | C398: VIETNAM | D398: WILD | E398: 15 X 2 LB | F398: 30 | G398: 1.6 | H398: 48
A399: SWEETLIPS FISH 500/800 | B399: F0626 | C399: INDONESIA | D399: WILD | E399: 1 X 33 LB | F399: 33 | G399: 2.8 | H399: 92.4
A400: SWEETLIPS FISH 800/1200 | B400: F0627 | C400: INDONESIA | D400: WILD | E400: 1 X 33 LB | F400: 33 | G400: 2.9 | H400: 95.7
A401: BROADHEAD H/L (30) | B401: F0631 | C401: VIETNAM | D401: FARMED | E401: 15 X 2 LB | F401: 30 | G401: 4.1 | H401: 123
A402: BROADHEAD GUTTED 100/300 (30) | B402: F0633 | C402: CHINA | D402: FARMED | E402: 15 X 2 LB | F402: 30 | G402: 3.9 | H402: 117
A403: BROADHEAD GUTTED 500/800 | B403: F0634 | C403: VIETNAM | D403: FARMED | E403: 1 X 33 LB | F403: 33 | G403: 3.8 | H403: 125.4
A404: BROADHEAD GUTTED 800/UP | B404: F0635 | C404: VIETNAM | D404: FARMED | E404: 1 X 33 LB | F404: 33 | G404: 3.8 | H404: 125.4
A405: BROADHEAD STEAKS (30) | B405: F0638 | C405: VIETNAM | D405: FARMED | E405: 15 X 2 LB | F405: 30 | G405: 3.9 | H405: 117
A406: GIANT SEA PERCH 600/800 (40) B | B406: F0643 | C406: TAIWAN | D406: FARMED | E406: 1 X 40 LB | F406: 40 | G406: 2.8 | H406: 112
A407: GIANT SEA PERCH 800/1000 (40) | B407: F0644 | C407: TAIWAN | D407: FARMED | E407: 1 X 40 LB | F407: 40 | G407: 3 | H407: 120
A408: GIANT SEA PERCH 1000/1200 (40) | B408: F0645 | C408: TAIWAN | D408: FARMED | E408: 1 X 40 LB | F408: 40 | G408: 2.9 | H408: 116
... A464: TILAPIA G&S CHN 950/1200 (40) | B464: F1055 | C464: CHINA | D464: FARMED | E464: 1 X 40 LB | F464: 40 | G464: 1.47 | H464: 58.8
A522: Run Date: 03/02/2026 | C522: SEAQUEST SEAFOOD | D522: CORPORATION | G522: Pag | H522: e: 5
A523: R/M Date: 03/02/2026 | C523: NEW PRICE | D523: LIST | G523: Tim | H523: e: 10:08 AM
A525: DESCRIPTION | B525: ITEM# | C525: ORIGIN | D525: MOC | E525: PACKAGING | F525: WEIGHT | G525: U. PRI | H525: CECASE PRICE
A527: TILAPIA G&S CHN 1200/1500 (40) | B527: F1055 | C527: 5 CHINA | D527: FARMED | E527: 1 X 40 LB | F527: 40 | G527: 1.47 | H527: 58.8
A528: TILAPIA G&S CHN 1500/2000 (40) | B528: F1055 | C528: 6 CHINA | D528: FARMED | E528: 1 X 40 LB | F528: 40 | G528: 1.47 | H528: 58.8
A529: TILAPIA G&S TWN 550/750 (40) | B529: F1057 | C529: TAIWAN | D529: FARMED | E529: 1 X 40 LB | F529: 40 | G529: 1.5 | H529: 60
A530: TILAPIA G&S TWN 750/950 (40) | B530: F1058 | C530: TAIWAN | D530: FARMED | E530: 1 X 40 LB | F530: 40 | G530: 1.6 | H530: 64
A531: PM TILAPIA FILET IVP 3/5 (10) | B531: F1061 | C531: CHINA | D531: FARMED | E531: 1 X 10 LB | F531: 10 | G531: 2.25 | H531: 22.5
A532: PM TILAPIA FILET IVP 5/7 (10) | B532: F1062 | C532: CHINA | D532: FARMED | E532: 1 X 10 LB | F532: 10 | G532: 2.35 | H532: 23.5
A533: PM TILAPIA FILET IVP 7/9 (10) | B533: F1063 | C533: CHINA | D533: FARMED | E533: 1 X 10 LB | F533: 10 | G533: 2.4 | H533: 24
A534: TILAPIA FILLET R/P (20) | B534: F1064 | C534: CHINA | D534: FARMED | E534: 10 X 2 LB | F534: 20 | G534: 2.5 | H534: 50
A535: PM TILAPIA FILET BULK 3/5 (10) | B535: F1066 | C535: CHINA | D535: FARMED | E535: 1 X 10 LB | F535: 10 | G535: 2.2 | H535: 22
A536: PM TILAPIA FILET BULK 5/7 (10) | B536: F1067 | C536: CHINA | D536: FARMED | E536: 1 X 10 LB | F536: 10 | G536: 2.25 | H536: 22.5
A537: FROG LEGS 2/4 BOX (30) | B537: F1081 | C537: CHINA | D537: FARMED | E537: 6 X 5 LB | F537: 30 | G537: 4.8 | H537: 144
A538: FROG LEGS 6/8 BOX (30) | B538: F1083 | C538: CHINA | D538: FARMED | E538: 6 X 5 LB | F538: 30 | G538: 4.9 | H538: 147
... A572: YELLOWTAIL SCAD M (15x2) | B572: F2362 | C572: INDIA | D572: WILD | E572: 15 X 2 LB | F572: 30 | G572: 1.8 | H572: 54
A587: STRETCH FILM (4 ROLLS) | B587: F9010 | C587: VIETNAM | E587: 4 X 1500FT | F587: 38 | G587: 0 | H587: 0
